field_name,job_role,required_languages,required_skills
Artificial Intelligence,Machine Learning Engineer,"Python, R, Java, Scala, C++","Supervised learning, Unsupervised learning, Model evaluation, Data preprocessing, Feature engineering, Statistics, Communication, Problem-solving, Collaboration, Critical thinking"
Artificial Intelligence,Applied Machine Learning Scientist,"Python, R, Julia, Scala, C++","Model deployment, Experimental design, Data wrangling, A/B testing, Causal inference, Feature selection, Communication, Critical thinking, Collaboration, Domain knowledge"
Artificial Intelligence,ML Research Scientist,"Python, R, Julia, C++, MATLAB","Theoretical modeling, Algorithm design, Literature review, Reproducibility, Statistical analysis, Optimization, Critical thinking, Research communication, Creativity, Collaboration"
Artificial Intelligence,Predictive Modeling Analyst,"Python, R, SQL, SAS, Julia","Data cleaning, Statistical modeling, Regression analysis, Data visualization, Feature engineering, Business acumen, Problem-solving, Communication, Attention to detail, Time management"
Artificial Intelligence,ML Algorithm Engineer,"Python, C++, Java, R, Scala","Algorithm optimization, Model implementation, Low-latency systems, Data structures, Machine learning theory, Performance tuning, Debugging, Problem-solving, Collaboration, Critical thinking"
Artificial Intelligence,ML Software Developer,"Python, Java, C++, JavaScript, Scala","Model integration, Software design, Unit testing, Deployment pipelines, Data handling, Code optimization, Problem-solving, Communication, Teamwork, Agile development"
Artificial Intelligence,AI/ML Solutions Architect,"Python, SQL, Java, Scala, C++, R, Julia, JavaScript, MATLAB, Go  ","Machine Learning Algorithms, Deep Learning, Cloud Architecture, Model Deployment, Scalability, System Design, Communication, Project Management, Stakeholder Management, Problem-Solving  "
Artificial Intelligence,Statistical Machine Learning Researcher,"R, Python, Julia, MATLAB, SAS, SQL, Java, C++, Scala, Stan  ","Statistical Modeling, Bayesian Methods, Hypothesis Testing, Data Analysis, Research, Academic Writing, Data Visualization, Optimization, Regression Analysis, Critical Thinking  "
Artificial Intelligence,Machine Learning Consultant,"Python, R, SQL, Java, Scala, Julia, JavaScript, MATLAB, C++, PHP  ","Client Communication, Requirements Gathering, Solution Design, Model Interpretability, Data Visualization, Presentation Skills, Business Acumen, Problem-Solving, Agile Methodology, Stakeholder Management  "
Artificial Intelligence,ML Model Validation Engineer,"Python, R, SQL, Java, C++, Scala, Julia, MATLAB, SAS, JavaScript","Model Validation, Risk Assessment, Statistical Analysis, Regulatory Compliance, Testing Methodologies, Debugging, Documentation, Attention to Detail, Problem-Solving, Collaboration  "
Artificial Intelligence,ML Product Manager,"Python, SQL, JavaScript, Java, Scala, R, Julia, C++, PHP, Swift","Product Roadmap Development, Agile Methodology, Stakeholder Management, Market Research, User Story Mapping, Prioritization, Data-Driven Decision Making, Communication, Cross-Functional Collaboration, Strategic Planning"
Artificial Intelligence,Deep Learning Engineer,"Python, C++, Java, R, Julia","Neural network design, Backpropagation, Model tuning, GPU acceleration, Data preprocessing, Deep learning theory, Problem-solving, Collaboration, Communication, Critical thinking"
Artificial Intelligence,Neural Network Architect,"Python, C++, Scala, R, MATLAB","Model architecture design, Hyperparameter tuning, Optimization techniques, Transfer learning, Reinforcement learning, Modular design, Creativity, Analytical thinking, Research skills, Communication"
Artificial Intelligence,Deep Learning Research Scientist,"Python, Julia, R, C++, MATLAB","Novel architecture development, Research methodologies, Experimental design, Theoretical understanding, Paper writing, Algorithm innovation, Critical thinking, Curiosity, Communication, Collaboration"
Artificial Intelligence,Computer Vision DL Engineer,"Python, C++, Java, MATLAB, R","Image processing, Object detection, CNNs, Feature extraction, Data augmentation, Computer vision theory, Debugging, Problem-solving, Attention to detail, Teamwork"
Artificial Intelligence,NLP Deep Learning Specialist,"Python, R, Julia, Java, Scala","Language modeling, Sequence modeling, Transformer architectures, Tokenization, Sentiment analysis, Text preprocessing, Semantic understanding, Communication, Analytical thinking, Research"
Artificial Intelligence,Deep Learning Optimization Engineer,"Python, C++, Julia, R, Scala","Model quantization, Pruning, Graph optimization, Hardware acceleration, Low-latency inference, Profiling, Code optimization, Performance analysis, Problem-solving, Efficiency-focused design"
Artificial Intelligence,Deep Learning Infrastructure Engineer,"Python, C++, Bash, Go, Java","Distributed training, Scalability, CI/CD pipelines, GPU orchestration, Cloud infrastructure, Model serving, System design, Automation, Debugging, Collaboration"
Artificial Intelligence,Applied Deep Learning Scientist,"Python, R, Julia, C++, Scala","Applied modeling, Experimentation, Data analysis, Transfer learning, Real-world deployment, Feature extraction, Communication, Critical thinking, Business understanding, Problem-solving"
Artificial Intelligence,Deep Learning Algorithm Developer,"Python, C++, R, Julia, MATLAB","Algorithm design, Network optimization, Mathematical modeling, Gradient descent variants, Custom loss functions, Performance tuning, Research thinking, Code efficiency, Debugging, Creativity"
Artificial Intelligence,DL Model Compression Engineer,"Python, C++, R, Julia, Java","Model pruning, Quantization, Knowledge distillation, Compression techniques, Edge deployment, Memory optimization, Performance benchmarking, Efficient architecture design, Problem-solving, Analytical thinking"
Artificial Intelligence,NLP Engineer,"Python, Java, C++, R, Scala","Natural Language Processing, Machine Learning, Deep Learning, Text Preprocessing, Named Entity Recognition, Sentiment Analysis, Data Cleaning, Attention Mechanisms, Communication, Problem Solving"
Artificial Intelligence,Computational Linguist,"Python, R, Java, Perl, C++","Linguistic Analysis, Syntax, Corpus Annotation, Phonetics, Morphology, Statistical Analysis, Data Visualization, Attention to Detail"
Artificial Intelligence,NLP Research Scientist,"Python, C++, Java, Julia, MATLAB","Research Design, Deep Learning, Algorithm Development, Model Evaluation, Statistical Modeling, Experimentation, Scientific Writing, Critical Thinking"
Artificial Intelligence,Conversational AI Developer,"Python, JavaScript, Java, C#","Dialogue Management, Intent Recognition, Context Handling, API Integration, NLP, UX Design, Debugging, Communication"
Artificial Intelligence,Text Mining Specialist,"Python, R, SQL, Java","Text Preprocessing, Tokenization, Topic Modeling, Clustering, Feature Extraction, Data Cleaning, Statistical Analysis, Visualization"
Artificial Intelligence,Information Retrieval Engineer,"Java, Python, C++, Scala, Go","Indexing, Query Optimization, Ranking Algorithms, Relevance Feedback, Scalability, Distributed Systems, Performance Tuning, Data Structures"
Artificial Intelligence,Sentiment Analysis Engineer,"Python, R, Java, Scala","Opinion Mining, Lexicon Development, Model Training, Feature Engineering, Classification, Data Annotation, Evaluation Metrics, Communication"
Artificial Intelligence,Machine Translation Engineer,"Python, C++, Java, Rust, Lua","Sequence-to-Sequence Modeling, Attention Mechanisms, Subword Segmentation, Parallel Corpus Management, Domain Adaptation, BLEU/METEOR Evaluation, Data Preprocessing, Statistical Analysis, Problem Solving, Communication"
Artificial Intelligence,Chatbot/NLU Developer,"Python, JavaScript, Java, C#","Intent Classification, Entity Recognition, Dialogue Management, Context Handling, UX Design, API Integration, Testing, Debugging, Communication"
Artificial Intelligence,Speech-to-Text NLP Engineer,"Python, C++, Java, Julia","Acoustic Modeling, Feature Extraction (MFCC/FBANK), Signal Processing, Language Modeling, Noise Reduction, CTC/RNN-T Architectures, Evaluation (WER), Optimization, Attention to Detail"
Artificial Intelligence,Question Answering System Developer,"Python, Java, C++, JavaScript","Information Retrieval, Reading Comprehension Models, Query Understanding, Passage Ranking, Knowledge Graphs, Context Modeling, API Integration, Evaluation Metrics (EM/F1), Critical Thinking"
Artificial Intelligence,Named Entity Recognition (NER) Specialist,"Python, Java, R, C++","Sequence Labeling, Feature Engineering, CRFs, BiLSTM/Transformer Models, Annotation Guidelines, Data Preprocessing, Evaluation Metrics (Precision/Recall/F1), Attention to Detail, Communication"
Artificial Intelligence,Computer Vision Engineer,"Python, C++, Java, CUDA, MATLAB","Image Classification, Object Detection, Feature Extraction, GPU Programming, Model Deployment, Data Augmentation, Algorithm Optimization, Performance Tuning, Collaboration"
Artificial Intelligence,Image Processing Specialist,"Python, C++, MATLAB, Java, JavaScript","Filtering, Edge Detection, Segmentation, Morphological Operations, Color Space Conversion, Fourier Analysis, Noise Reduction, Image Enhancement, Feature Extraction, Attention to Detail"
Artificial Intelligence,CV Research Scientist,"Python, C++, MATLAB, Julia, R","Research Design, Algorithm Development, Deep Learning, Model Evaluation, Statistical Analysis, Experimentation, Scientific Writing, Critical Thinking, Presentation, Collaboration"
Artificial Intelligence,3D Vision Engineer,"C++, Python, MATLAB, CUDA, Rust","3D Reconstruction, SLAM, Depth Estimation, Point Cloud Processing, Calibration, Surface Reconstruction, Sensor Fusion, Optimization, Spatial Reasoning, Problem Solving"
Artificial Intelligence,Video Analytics Engineer,"Python, C++, Java, JavaScript, MATLAB","Motion Detection, Object Tracking, Event Detection, Real-time Processing, Streaming Architectures, Performance Tuning, Algorithm Optimization, Data Handling, Communication, Scalability"
Artificial Intelligence,Object Detection/Tracking Engineer,"Python, C++, Java, MATLAB","Bounding Box Regression, Feature Extraction, Tracking Algorithms, Kalman Filters, Data Association, Model Training, Evaluation Metrics, Performance Optimization"
Artificial Intelligence,Autonomous Perception Engineer,"C++, Python, CUDA","Sensor Fusion, Lidar Processing, Camera Calibration, Environment Perception, Real-time Systems, Embedded Systems, SLAM, Algorithm Integration, Data Annotation"
Artificial Intelligence,Medical Image Analysis Scientist,"Python, C++, MATLAB, R, Java","Segmentation, Registration, Feature Extraction, Deep Learning, Quantitative Analysis, Statistical Modeling, Data Annotation, Model Validation, Domain Knowledge (Radiology), Communication"
Artificial Intelligence,Augmented Reality Vision Developer,"C++, C#, Python, Java, Swift","Real-time Rendering, Pose Estimation, SLAM, 3D Modeling, Shader Programming, Computer Vision, UX Design, Calibration, Performance Optimization, Collaboration"
Artificial Intelligence,Scene Understanding Specialist,"Python, C++, MATLAB, Java, Rust","Semantic Segmentation, Instance Segmentation, Depth Estimation, 3D Reconstruction, Context Modeling, Feature Extraction, Data Annotation, Model Evaluation, Problem Solving, Communication"
Artificial Intelligence,Remote Sensing Image Analyst,"Python, R, C++, MATLAB, Java","Multispectral Analysis, Classification, Change Detection, Radiometric Correction, Image Preprocessing, Feature Extraction, GIS Analysis, Geospatial Analysis, Data Interpretation, Attention to Detail"
Artificial Intelligence,OCR (Optical Character Recognition) Engineer,"Python, C++, Java, JavaScript, R","Text Segmentation, Character Recognition, Layout Analysis, Preprocessing, Feature Extraction, Model Training, Error Correction, Post-Processing, Quality Assessment, Communication"
Artificial Intelligence,Reinforcement Learning Engineer,"Python, C++, Java, Julia","Markov Decision Processes, Q-learning, policy gradients, exploration vs exploitation, reward engineering, model-based RL, deep learning, optimization, problem-solving, collaboration"
Artificial Intelligence,RL Research Scientist,"Python, C++, Julia, MATLAB, R","Literature review, algorithm development, theoretical analysis, MDPs, statistical modeling, optimization, scientific writing, experiment design, data analysis, collaboration"
Artificial Intelligence,RL for Robotics Engineer,"C++, Python, MATLAB, Java","Control theory, kinematics, dynamics modeling, simulation, sensor integration, real-time systems, calibration, reinforcement learning, problem-solving, teamwork"
Artificial Intelligence,Multi-Agent RL Developer,"Python, C++, Julia, Java","Game theory, agent communication, decentralized learning, coordination, MDPs, algorithm design, simulation, scalability, debugging, collaboration"
Artificial Intelligence,Deep RL Specialist,"Python, C++, CUDA, Julia","Neural networks, CNNs, RNNs, backpropagation, hyperparameter tuning, DL architectures, gradient methods, MDPs, experimentation, problem-solving"
Artificial Intelligence,Game AI / RL Engineer,"C#, C++, Python, Lua","Game development, environment design, state representation, reward shaping, real-time performance, debugging, algorithm implementation, creativity, teamwork, optimization"
Artificial Intelligence,RL Algorithm Researcher,"Python, C++, Julia, MATLAB","Theoretical analysis, convergence proofs, algorithm design, statistical modeling, optimization, MDPs, experiment design, scientific writing, critical thinking, collaboration"
Artificial Intelligence,Applied RL Scientist,"Python, C++, R, Julia","Problem framing, data analysis, model deployment, hyperparameter tuning, MDPs, experimentation, project management, cross-functional communication, debugging, domain adaptation"
Artificial Intelligence,RL Simulation Developer,"Python, C++, MATLAB, Julia","Simulation design, physics modeling, numerical methods, performance optimization, RL integration, validation, debugging, problem-solving, collaboration"
Artificial Intelligence,Autonomous Control Systems Engineer,"C, C++, Python, MATLAB","Control theory, state estimation, sensor fusion, real-time systems, stability analysis, system identification, reinforcement learning, debugging, teamwork, project management"
Artificial Intelligence,RL Infrastructure Engineer,"Python, Go, Java, Bash","Distributed systems, cloud computing, containerization, orchestration, scaling, CI/CD, monitoring, automation, scripting, collaboration"
Artificial Intelligence,RL for Finance Quantitative Analyst,"Python, C++, R, MATLAB, SQL","Time series analysis, statistical modeling, risk management, portfolio optimization, algorithmic trading, backtesting, reinforcement learning, data analysis, attention to detail, communication"
Artificial Intelligence,Explainable AI Researcher,"Python, R, Julia, MATLAB","Literature review, algorithm development, statistical analysis, causal inference, theoretical modeling, experiment design, scientific writing, collaboration, critical thinking"
Artificial Intelligence,XAI Framework Developer,"Python, Java, JavaScript, C++","API design, software engineering, library integration, performance optimization, testing, documentation, version control, teamwork, problem-solving"
Artificial Intelligence,Model Interpretability Specialist,"Python, R, SQL, Julia","Feature importance, sensitivity analysis, surrogate modeling, visualization, statistical modeling, communication, domain knowledge, critical evaluation, stakeholder engagement"
Artificial Intelligence,Trustworthy AI Engineer,"Python, Java, C#, Go","Adversarial testing, robustness evaluation, privacy-preserving methods, security auditing, CI/CD, monitoring, risk assessment, cross-functional collaboration, problem-solving"
Artificial Intelligence,AI Fairness & Bias Analyst,"Python, R, SQL, SAS","Bias detection, statistical parity, disparate impact analysis, data auditing, reporting, stakeholder communication, ethics frameworks, project management, attention to detail"
Artificial Intelligence,Human-Centered AI Designer,"Python, JavaScript, HTML,CSS, R","User research, UX/UI design, prototyping, usability testing, wireframing, human factors, empathy, communication, iterative design, collaboration"
Artificial Intelligence,AI Transparency Consultant,"Python, R, SQL, JavaScript","Regulatory knowledge, reporting, stakeholder engagement, communication, documentation, auditing, project management, ethical assessment, training facilitation, advisory skills"
Artificial Intelligence,Algorithm Accountability Auditor,"Python, R, SQL, Java, Julia","Audit planning, risk assessment, compliance, statistical analysis, bias detection, documentation, stakeholder communication, reporting, critical thinking, collaboration"
Artificial Intelligence,Responsible AI Strategist,"Python, SQL, R, JavaScript","Strategic planning, ethics frameworks, stakeholder engagement, policy development, cross-functional leadership, risk management, communication, project management, facilitation, advisory"
Artificial Intelligence,Ethical AI Policy Analyst,"Python, R, SQL, JavaScript","Policy analysis, legal research, regulatory compliance, ethics frameworks, technical writing, stakeholder engagement, critical thinking, communication, report drafting, data analysis"
Artificial Intelligence,Explainability Tools Developer,"Python, C++, Java, JavaScript","API design, software engineering, library development, testing, documentation, performance optimization, integration, version control, unit testing, collaboration"
Artificial Intelligence,XAI for Healthcare Systems Specialist,"Python, R, SQL, MATLAB","Healthcare domain knowledge, regulatory compliance, data privacy, interpretability, clinical validation, data analysis, stakeholder communication, ethics, collaboration, problem-solving"
Artificial Intelligence,Federated Learning Engineer,"Python, C++, Java, Go, Scala","Secure aggregation, differential privacy, communication protocols, distributed optimization, model partitioning, performance tuning, debugging, system integration, collaboration, problem-solving"
Artificial Intelligence,Distributed Machine Learning Specialist,"Python, Java, C++, Scala, Go","Distributed training, parallel computing, data partitioning, fault tolerance, scaling, performance optimization, cluster management, algorithm customization, debugging, collaboration"
Artificial Intelligence,Privacy-Preserving ML Researcher,"Python, R, C++, Julia","Differential privacy, homomorphic encryption, secure multi-party computation, cryptography, theoretical analysis, algorithm development, experiment design, literature review, critical thinking, collaboration"
Artificial Intelligence,FL Infrastructure Engineer,"Python, Go, Java, Bash, C++","Container orchestration, distributed systems, CI/CD, monitoring, scalability, automation, cloud platforms, networking, security, collaboration"
Artificial Intelligence,FL Research Scientist,"Python, C++, Julia, MATLAB, Scala","Algorithm design, theoretical analysis, literature review, experimental design, distributed optimization, secure aggregation, differential privacy, statistical modeling, scientific writing, collaboration"
Artificial Intelligence,Edge-based Federated ML Developer,"Python, C, C++, Java, Swift","On-device training, model quantization, resource optimization, latency reduction, communication protocols, hardware constraints, deployment, debugging, system design, collaboration"
Artificial Intelligence,Secure Aggregation Engineer,"Python, C++, Java, Go","Cryptography, secure multi-party computation, protocol design, distributed systems, encryption, differential privacy, performance optimization, debugging, collaboration"
Artificial Intelligence,FL Systems Architect,"Python, Java, Go, Bash, C++","System design, scalability, architecture planning, distributed systems, cloud computing, networking, security, performance tuning, cross-team leadership, documentation"
Artificial Intelligence,Differential Privacy in FL Specialist,"Python, R, C++","Differential privacy, noise calibration, privacy budgets, statistical analysis, cryptography, algorithm development, theoretical modeling, experiment design, collaboration"
Artificial Intelligence,FL for Mobile Devices Developer,"Python, Swift, Kotlin, Java, C++","On-device training, model quantization, performance optimization, mobile OS integration, energy efficiency, network optimization, deployment, debugging, collaboration"
Artificial Intelligence,FL Applications Engineer,"Python, Java, C#, JavaScript","Use-case analysis, application integration, model deployment, user requirements gathering, cross-functional communication, performance tuning, testing, debugging, project management"
Artificial Intelligence,Cross-device Federated AI Engineer,"Python, C++, Swift, Kotlin, Java","Cross-device communication, asynchronous training, fault tolerance, network optimization, security, resource management, scalability, debugging, collaboration"
Artificial Intelligence,Edge AI Engineer,"C, C++, Python, Rust, Java","model quantization, latency optimization, real-time inference, edge deployment, hardware-software integration, performance profiling, power management, networking, debugging, collaboration"
Artificial Intelligence,Embedded AI Developer,"C, C++, Python, Assembly, Rust","embedded programming, memory management, real-time systems, cross-compilation, sensor integration, model pruning, kernel optimization, debugging, teamwork, problem-solving"
Artificial Intelligence,AI-on-Chip Engineer,"VHDL, Verilog, SystemVerilog, C++, Python","hardware design, digital logic, RTL design, high-level synthesis, circuit optimization, verification, FPGA prototyping, resource allocation, power-area trade-offs, cross-disciplinary collaboration"
Artificial Intelligence,Edge ML Optimization Specialist,"Python, C++, C, Assembly, CUDA","model compression, pruning, quantization, kernel fusion, compiler optimization, profiling, hardware acceleration, performance tuning, benchmarking, collaboration"
Artificial Intelligence,Real-time Inference Systems Developer,"C, C++, Python, Rust, Go","real-time scheduling, low-latency optimization, multi-threading, IPC, hardware acceleration, performance monitoring, debugging, system integration, documentation, teamwork"
Artificial Intelligence,Edge AI Hardware Specialist,"VHDL, Verilog, SystemC, C, C++, Python","PCB design, FPGA development, ASIC design, DSP, hardware testing, power management, signal integrity, prototyping, collaboration, communication"
Artificial Intelligence,Edge Computer Vision Engineer,"C++, Python, C, Java","image processing, feature extraction, object detection, model deployment, optimization, hardware acceleration, real-time video processing, camera interfacing, debugging, teamwork"
Artificial Intelligence,IoT + AI Integration Engineer,"Python, C, C++, JavaScript, Rust","IoT protocol integration, sensor fusion, edge deployment, security, data processing, real-time analytics, network optimization, debugging, cross-disciplinary collaboration, project coordination"
Artificial Intelligence,Edge DL Engineer,"Python, C++, CUDA, C, Rust","Deep learning model design, quantization, layer fusion, compiler optimizations, GPU acceleration, profiling, latency reduction, hardware-aware tuning, collaboration, problem-solving"
Artificial Intelligence,Autonomous Edge Systems Developer,"C++, Python, Java, Rust, C","Autonomy algorithm integration, sensor fusion, SLAM, mapping, real-time control, deployment, testing, safety validation, debugging, teamwork"
Artificial Intelligence,TinyML Specialist,"C, C++, Python, Assembly, Rust","Model compression, quantization, energy-efficient inference, microcontroller programming, memory optimization, real-time constraints, sensor interfacing, debugging, collaboration, documentation"
Artificial Intelligence,Edge AI Product Architect,"Python, JavaScript, C++, Go, Java","System architecture, requirement analysis, scalability planning, tech stack selection, prototyping, vendor evaluation, performance benchmarking, cross-functional communication, product roadmap planning"
Artificial Intelligence,MLOps Engineer,"Python, Go, Bash, YAML, SQL","CI/CD, containerization, orchestration, automation, monitoring, version control, pipeline development, scripting, troubleshooting, collaboration"
Artificial Intelligence,AI/ML Infrastructure Engineer,"Python, Go, Java, Bash, Scala","Infrastructure design, cloud computing, container orchestration, automation, scaling, security, networking, scripting, monitoring, cross-team collaboration"
Artificial Intelligence,Machine Learning Deployment Engineer,"Python, Java, C#, JavaScript, Bash","Model packaging, containerization, orchestration, performance optimization, A/B testing, logging, deployment, troubleshooting, collaboration"
Artificial Intelligence,AI Model Monitoring Specialist,"Python, SQL, Bash, R, Go","Monitoring, anomaly detection, alerting, metrics design, logging, data analysis, troubleshooting, stakeholder communication, continuous improvement, automation"
Artificial Intelligence,Model Operations (ModelOps) Engineer,"Python, Java, Go, Bash, YAML","Lifecycle management, governance, pipeline automation, compliance, versioning, CI/CD, monitoring, collaboration, risk management"
Artificial Intelligence,ML CI/CD Pipeline Developer,"Python, Groovy, YAML, Bash, Java","Pipeline design, automation, testing, integration, containerization, version control, scripting, documentation, collaboration"
Artificial Intelligence,AI Reliability Engineer,"Python, Go, Java, Bash, SQL","Reliability engineering, SLO/SLI/SLA design, chaos engineering, capacity planning, monitoring, incident response, root cause analysis, automation, collaboration"
Artificial Intelligence,AIOps Platform Engineer,"Python, Go, Java, Scala, Bash","Observability, automation, incident management, anomaly detection, log analytics, infrastructure as code, container orchestration, CI/CD, troubleshooting, collaboration"
Artificial Intelligence,Data Versioning & Governance Engineer,"Python, SQL, Scala, Java, R","Data versioning, metadata management, data lineage, governance frameworks, quality assurance, schema design, documentation, compliance, collaboration, problem-solving"
Artificial Intelligence,AI/ML DevOps Specialist,"Python, Go, Bash, YAML, Java","CI/CD, containerization, orchestration, automation, model deployment, monitoring, version control, scripting, security best practices, teamwork"
Artificial Intelligence,Scalable ML Systems Architect,"Python, Java, Scala, Go, SQL","System architecture, scalability, distributed systems, microservices, data pipelines, performance optimization, cost optimization, capacity planning, stakeholder communication, leadership"
Artificial Intelligence,ML Workflow Automation Engineer,"Python, Bash, Groovy, YAML, Java","Workflow orchestration, automation, pipeline development, scheduling, monitoring, debugging, version control, CI/CD, documentation, collaboration"
Web Development,Frontend Developer,"JavaScript,TypeScript,HTML,CSS","Responsive design,UI/UX design,Accessibility,Cross-browser compatibility,Debugging,Performance optimization,CSS pre-processing,Component-based architecture,Communication,Collaboration"
Web Development,UI Developer,"JavaScript,TypeScript,HTML,CSS","UI/UX design,Accessibility,Responsive design,Prototyping,Wireframing,Collaboration,Communication,Attention to detail,Problem-solving,User research"
Web Development,JavaScript Developer,"JavaScript,TypeScript,HTML,CSS","Asynchronous programming,Event-driven architecture,Debugging,Performance optimization,API integration,Cross-browser compatibility,Problem-solving,Version control,Collaboration,Communication"
Web Development,React.js Developer,"JavaScript,TypeScript,HTML,CSS","Component-based architecture,State management,Hooks,Performance optimization,Debugging,API integration,Testing,Responsive design,Communication,Collaboration"
Web Development,Angular Developer,"TypeScript,JavaScript,HTML,CSS","Component-based architecture,Dependency injection,Reactive programming,Routing,Forms management,Testing,Performance optimization,Debugging,Collaboration,Communication"
Web Development,Vue.js Developer,"JavaScript,TypeScript,HTML,CSS","Component-based architecture,Reactive data binding,State management,Routing,Composition API,Testing,Debugging,Performance optimization,Collaboration,Communication"
Web Development,HTML/CSS Specialist,"HTML,CSS,JavaScript","Responsive design,Accessibility,Semantic markup,CSS architecture (BEM),Cross-browser compatibility,Flexbox/Grid,Performance optimization,Debugging,Attention to detail,Collaboration"
Web Development,Web UI Engineer,"JavaScript,TypeScript,HTML,CSS","Component-based architecture,UI/UX design,Responsive design,Accessibility,Performance optimization,Debugging,API integration,Collaboration,Communication"
Web Development,Mobile Web Interface Developer,"JavaScript,TypeScript,HTML,CSS","Responsive design,Touch optimization,Progressive Web Apps,Cross-platform compatibility,Performance optimization,Offline support,Debugging,UI/UX design,Accessibility,Communication"
Web Development,Frontend Performance Engineer,"JavaScript,TypeScript,HTML,CSS","Code splitting,Lazy loading,Caching strategies,Minification,Tree shaking,Profiling,Critical rendering path,Network optimization,Monitoring,Collaboration"
Web Development,CSS/Animation Developer,"CSS,Sass,Less,JavaScript","Keyframe animations,Transitions,Timing functions,SVG animations,Responsive design,Animation performance,CSS architecture (BEM),Prototyping,Creativity,Attention to detail"
Web Development,Frontend Accessibility Engineer,"HTML,CSS,JavaScript,ARIA","WCAG guidelines,Semantic HTML,Keyboard navigation,ARIA roles,Contrast testing,Assistive technologies,Accessibility auditing,User testing,Communication,Empathy"
Web Development,Backend Developer,"Java,Python,Go,Ruby,SQL","RESTful architecture,Database design,Scalability,Security,Concurrency,Testing,Debugging,CI/CD,Version control,Problem-solving"
Web Development,API Developer,"JavaScript,Python,Java,Go,Ruby","RESTful design,Authentication/Authorization,Rate limiting,Versioning,Documentation,Error handling,Testing,Monitoring,Security,Collaboration"
Web Development,Node.js Backend Engineer,"JavaScript,TypeScript,SQL,NoSQL","Event-driven architecture,Asynchronous programming,API development,Microservices,Error handling,Testing,Performance tuning,Logging,Security,Collaboration"
Web Development,Python/Django Backend Developer,"Python,SQL,JavaScript","MVC architecture,ORM,Authentication,REST framework,Migrations,Unit testing,Security,Caching,Debugging,Collaboration"
Web Development,Java Spring Developer,"Java,Kotlin,SQL","Dependency injection,ORM,Microservices,REST APIs,Security,Transaction management,Testing,Configuration,Performance tuning,Collaboration"
Web Development,PHP Backend Developer,"PHP,SQL,JavaScript","MVC architecture,ORM,Routing,Authentication,Error handling,Security,Testing,Caching,Dependency management,Collaboration"
Web Development,Ruby on Rails Developer,"Ruby,SQL,JavaScript","MVC architecture,ActiveRecord,RESTful routes,Authentication,Background jobs,Testing,Migrations,Security,Caching,Collaboration"
Web Development,RESTful Services Engineer,"Java,Python,Go,Ruby,JavaScript","API design,Versioning,Authentication/Authorization,Error handling,Documentation,Testing,Monitoring,Rate limiting,Security,Collaboration"
Web Development,Microservices Backend Engineer,"Java,Go,Python,JavaScript,Rust","Service decomposition,Event-driven architecture,Circuit breaker,Service discovery,Scalability,Resilience,Containerization,CI/CD,Monitoring,Collaboration"
Web Development,Backend Systems Architect,"Java,Python,Go,Rust,SQL","System design,Scalability,High availability,Load balancing,Security,Microservices,Distributed systems,Caching strategies,Messaging patterns,Team leadership"
Web Development,Database-Driven Web Developer,"SQL,Python,PHP,Ruby,JavaScript","Database modeling,ORM,Query optimization,ACID transactions,Schema design,Indexing,Backup & recovery,Security,Data migration,Collaboration"
Web Development,Cloud-Native Backend Engineer,"Go,Java,Python,JavaScript,TypeScript","Cloud architecture,Serverless computing,Container orchestration,Infrastructure as code,Scalability,Observability,CI/CD,Security,Cost optimization,Collaboration"
Web Development,Full?Stack Developer,"JavaScript,Python,Java,SQL,NoSQL","RESTful APIs,MVC/MVVM architectures,Responsive design,Database design,Authentication/Authorization,DevOps practices,Testing (unit/integration),Performance optimization,Problem-solving,Collaboration"
Web Development,MERN Stack Developer,"JavaScript,TypeScript,HTML,CSS,NoSQL","RESTful APIs,Component-based architecture,State management,Asynchronous programming,Authentication,CRUD operations,Database modeling,Routing,Testing,Collaboration"
Web Development,MEAN Stack Developer,"JavaScript,TypeScript,HTML,CSS,NoSQL","Component-based architecture,Dependency injection,Routing,Forms management,RESTful APIs,Authentication,CRUD operations,Database modeling,Testing,Collaboration"
Web Development,LAMP Stack Developer,"PHP,MySQL,HTML,CSS,JavaScript","MVC architecture,Server configuration,Database design,RESTful APIs,Authentication,Session management,Security (XSS/SQLi),Caching,Debugging,Collaboration"
Web Development,Full?Stack JavaScript Engineer,"JavaScript,TypeScript,HTML,CSS,NoSQL","RESTful APIs,Component-based architecture,Asynchronous programming,State management,Authentication,Database design,Testing,Performance optimization,DevOps basics,Collaboration"
Web Development,Python Full?Stack Developer,"Python,JavaScript,HTML,CSS,SQL","MVC architecture,RESTful APIs,ORM,Authentication,Template engines,Database design,Asynchronous tasks,Testing,Deployment (WSGI/ASGI),Collaboration"
Web Development,Web Application Developer,"JavaScript,Python,Java,SQL,HTML","MVC/MVVM,RESTful APIs,Responsive design,Database integration,Authentication,Testing,Debugging,Performance tuning,Collaboration,Problem-solving"
Web Development,Full?Stack Cloud Engineer,"JavaScript,Python,Go,SQL,TypeScript","Cloud architecture,Serverless design,Infrastructure as Code,Container orchestration,Scalability,Security,Monitoring,CI/CD,Automation,Collaboration"
Web Development,End-to-End Web Engineer,"JavaScript,TypeScript,Python,SQL,NoSQL","API design,UI/UX integration,Database modeling,Security,Testing (unit/integration/e2e),Deployment automation,Monitoring,Performance optimization,Debugging,Collaboration"
Web Development,Full?Stack DevOps Developer,"JavaScript,Python,Go,SQL,TypeScript","CI/CD pipelines,Infrastructure as Code,Containerization,Monitoring,Logging,Automated testing,Security,Configuration management,Scalability,Collaboration"
Web Development,PWA Developer,"JavaScript, TypeScript, HTML, CSS","Service worker lifecycle, manifest configuration, responsive design, offline caching, push notifications, performance optimization, accessibility, cross-browser compatibility"
Web Development,Service Worker Engineer,"JavaScript, TypeScript","Service worker lifecycle management, caching strategies, background sync, push notifications, offline analytics, debugging, error handling, security"
Web Development,Web App Manifest Specialist,"JavaScript, JSON, HTML","Manifest configuration, metadata management, icon design, theming, cross-platform compatibility, progressive enhancement, accessibility, SEO"
Web Development,Offline-First Web Developer,"JavaScript, TypeScript, HTML, CSS","Offline caching strategies, data persistence, synchronization, optimistic UI, conflict resolution, performance optimization, reliability, user experience"
Web Development,Cross-Platform Web App Developer,"JavaScript, TypeScript, HTML, CSS","Responsive design, native integration, PWA standards, testing, performance tuning, UI/UX design, cross-device compatibility, code reuse"
Web Development,Mobile-Optimized Web App Engineer,"JavaScript, TypeScript, HTML, CSS","Responsive layouts, touch optimization, performance budgets, lazy loading, adaptive images, viewport configuration, TTI optimization, accessibility"
Web Development,App Shell Architecture Developer,"JavaScript, TypeScript, HTML, CSS","App shell design, resource prioritization, critical rendering path, caching strategies, offline functionality, performance optimization, scalability, maintainability"
Web Development,Installable Web Apps Engineer,"JavaScript, TypeScript, HTML, CSS","Manifest configuration, service worker integration, push notifications, auto-update mechanisms, security best practices, installation flow, user engagement, cross-platform consistency"
Web Development,Responsive PWA Developer,"JavaScript, TypeScript, HTML, CSS","Responsive design, media queries, adaptive layouts, fluid typography, touch-friendly UI, cross-device testing, performance tuning, progressive enhancement"
Web Development,PWA UI/UX Designer,"HTML, CSS, JavaScript","User journey mapping, interaction design, accessibility, component-based design, prototyping, visual hierarchy, feedback mechanisms, usability testing"
Web Development,PWA Performance Engineer,"JavaScript, TypeScript, HTML, CSS","Performance profiling, code splitting, lazy loading, resource compression, critical CSS, HTTP/2 optimization, caching strategies, runtime monitoring"
Web Development,PWA Accessibility Developer,"JavaScript, HTML, CSS","ARIA implementation, semantic HTML, keyboard navigation, color contrast, focus management, accessible forms, assistive technology testing, inclusive design practices"
Web Development,Web Performance Engineer,"JavaScript, TypeScript, HTML, CSS","Critical rendering path optimization, resource loading strategies, code splitting, lazy loading, caching policies, image optimization, network performance tuning, profiling, performance monitoring"
Web Development,Frontend Optimization Specialist,"JavaScript, TypeScript, HTML, CSS","Bundle size reduction, tree shaking, minification, performance budgets, critical CSS extraction, asynchronous loading, network optimization, build pipeline tuning"
Web Development,Lighthouse Optimization Consultant,"JavaScript, HTML, CSS, TypeScript","Performance auditing, metric analysis, actionable recommendations, performance budget enforcement, benchmarking, stakeholder communication, continuous integration, reporting"
Web Development,Critical Rendering Path Engineer,"HTML, CSS, JavaScript, TypeScript","Render tree optimization, resource prioritization, inline critical CSS, defer non-essential scripts, DOM optimization, preloading resources, font loading optimization, reduce render-blocking assets"
Web Development,Web Load Time Specialist,"JavaScript, HTML, CSS","Load time measurement, waterfall analysis, caching strategies, compression (GZIP/Brotli), CDN configuration, lazy loading, network latency reduction, performance monitoring"
Web Development,Core Web Vitals Analyst,"JavaScript, HTML, CSS","LCP optimization, FID reduction, CLS minimization, user-centric metric analysis, performance monitoring, reporting, recommendation synthesis, continuous tracking"
Web Development,JavaScript Performance Engineer,"JavaScript, TypeScript","Event loop tuning, memory management, garbage collection optimization, code profiling, algorithm optimization, asynchronous programming, DOM update efficiency, benchmarking"
Web Development,Page Speed Optimization Developer,"JavaScript, TypeScript, HTML, CSS","Critical rendering path optimization, resource prioritization, lazy loading, code splitting, bundling, compression (GZIP/Brotli), image optimization, performance budgeting, network tuning, profiling"
Web Development,Image & Asset Optimization Engineer,"JavaScript, Python, HTML, CSS","Responsive image workflows, format selection, compression techniques, sprite generation, SVG optimization, CSS sprites, lazy loading, asset pipeline automation, caching, build integration"
Web Development,CDN Optimization Engineer,"JavaScript, Python, Go","Cache configuration, TTL and purging strategies, origin failover, HTTP header tuning, geo-routing, SSL/TLS offload, load balancing, performance monitoring, cost optimization"
Web Development,Web Caching Strategy Specialist,"JavaScript, Python","Cache layering, invalidation and sweep strategies, TTL policy, ETag/If-Modified-Since, cache warming, stale-while-revalidate, content negotiation, header management, CDN integration"
Web Development,Real User Monitoring (RUM) Analyst,"JavaScript, TypeScript","Instrumentation and tagging, metric collection (LCP, FID, CLS), user segmentation, dashboarding, trend analysis, correlation with business metrics, alerting, data visualization, performance benchmarking"
Web Development,Accessibility Engineer,"HTML,CSS,JavaScript,TypeScript,Python","WCAG,ARIA,Semantic HTML,UX Design,User Testing,Assistive Technology Testing,Responsive Design,Empathy,Communication,Problem-Solving"
Web Development,Web Accessibility Specialist,"HTML,CSS,JavaScript,TypeScript,Python","WCAG,ARIA,Semantic HTML,UX Design,Assistive Technology Testing,User Testing,Responsive Design,Empathy,Communication,Collaboration"
Web Development,A11y Frontend Developer,"HTML,CSS,Sass,JavaScript,TypeScript","ARIA,WCAG,Responsive Design,Component Design,Cross-browser Testing,Performance Optimization,Attention to Detail,Problem-Solving,Communication"
Web Development,WCAG Compliance Tester,"HTML,CSS,JavaScript,Python,R","WCAG,Audit Reporting,Test Case Development,Manual Testing,Assistive Tech Testing,Attention to Detail,Analytical Thinking,Documentation,Communication"
Web Development,Accessible UI Developer,"HTML,CSS,JavaScript,TypeScript","Inclusive Design,WCAG,ARIA,UI Design,Prototyping,User Testing,Responsive Design,Collaboration,Iteration"
Web Development,Inclusive Design Expert,"HTML,CSS,JavaScript","Inclusive Design,User Research,Persona Development,Stakeholder Engagement,Strategy,WCAG,Communication,Empathy,Facilitation"
Web Development,Screen Reader Compatibility Engineer,"HTML,CSS,JavaScript,TypeScript","Screen Reader Testing,ARIA,Semantic HTML,Accessibility Audits,Assistive Tech Expertise,Debugging,Attention to Detail,Problem-Solving,Reporting"
Web Development,Accessibility QA Tester,"HTML,CSS,JavaScript,Python","WCAG,Manual Testing,Test Case Development,Bug Reporting,Cross-browser Testing,Attention to Detail,Analytical Thinking,Communication,Collaboration"
Web Development,ARIA Implementation Specialist,"HTML,CSS,JavaScript,TypeScript","ARIA,Semantic HTML,WCAG,Component Development,API Integration,Responsive Design,Problem-Solving,Documentation,Collaboration"
Web Development,Accessible Forms Developer,"HTML,CSS,JavaScript","WCAG,ARIA,Form Validation,Error Handling,UX Design,Responsive Layouts,Attention to Detail,User Testing,Collaboration"
Web Development,Accessibility Consultant,"HTML,CSS,JavaScript,Python","Accessibility Audits,WCAG,Stakeholder Engagement,Strategy Development,User Research,Report Writing,Empathy,Communication,Project Management"
Web Development,Accessibility Automation Tester,"HTML,CSS,JavaScript,Python","Test Automation,WCAG,ARIA,Script Development,Continuous Integration,Debugging,Analytical Thinking,Problem-Solving,Documentation"
Cybersecurity,Network Security Engineer,"Python, Bash, PowerShell, Go, C","Firewall management, Intrusion detection, VPN configuration, Network segmentation, Access control, Threat analysis, Incident response, Logging & monitoring, Automation, Collaboration"
Cybersecurity,Firewall Administrator,"Bash, Python, PowerShell, Tcl, Perl","Rule creation, Policy management, NAT, VPN setup, Logging, Firmware updates, High availability, Performance tuning, Compliance, Documentation"
Cybersecurity,Intrusion Detection System (IDS) Analyst,"Python, Bash, R, Lua, Perl","Signature analysis, Anomaly detection, Alert triage, Packet inspection, Log correlation, Threat hunting, Forensics, Reporting, Tuning, Communication"
Cybersecurity,VPN Security Specialist,"Python, Bash, PowerShell, C, Go","Encryption protocols, Key management, Authentication (MFA), Tunnel configuration, Performance optimization, Access control, Monitoring, Troubleshooting, Compliance, Documentation"
Cybersecurity,Network Security Architect,"Python, Go, Bash, Java, C","Security architecture design, Network segmentation, Zero trust, Threat modeling, VPN design, High availability, Compliance, Integration, Risk assessment, Stakeholder engagement"
Cybersecurity,Secure Network Design Engineer,"Python, Bash, PowerShell, C, Java","Network topology design, VLANs, ACLs, Firewall insertion, Encryption, Redundancy, Capacity planning, Performance tuning, Documentation, Collaboration"
Cybersecurity,Network Threat Analyst,"Python, Bash, R, SQL, Go","Threat intelligence analysis, Malware reverse engineering, Log correlation, Anomaly detection, Indicator of compromise (IOC) hunting, Reporting, Threat modeling, Communication, Forensics, Continuous learning"
Cybersecurity,Network Security Operations Specialist,"Python, Bash, PowerShell, SQL, Go","Security monitoring, Incident ticketing, Alert triage, Playbook execution, KPI reporting, SOC processes, Escalation management, Documentation, Collaboration, Shift work resilience"
Cybersecurity,Perimeter Security Engineer,"Python, Bash, PowerShell, C, Ruby","Edge firewall configuration, Web application firewall tuning, DDoS mitigation, VPN integration, NAT policies, High availability, Performance optimization, Logging, Compliance, Documentation"
Cybersecurity,Network Segmentation Specialist,"Python, Bash, PowerShell, Go, Ruby","Microsegmentation design, VLAN implementation, Access control lists, Policy enforcement, Zero Trust segmentation, Traffic microfilters, Compliance alignment, Testing, Documentation, Stakeholder collaboration"
Cybersecurity,Application Security Engineer,"Java,Python,JavaScript,C#,Go,Ruby,Bash,TypeScript,PHP,Scala","Secure coding practices,Threat modeling,API security,Authentication & Authorization,Risk assessment,Code review,Encryption,CI/CD integration,DevSecOps collaboration,Documentation"
Cybersecurity,Secure Code Auditor,"C, C++,Java,Python,C#,Go,JavaScript,Rust,PHP,Bash","SAST,Compliance frameworks (OWASP,PCI DSS),Secure code review,Vulnerability assessment,Reporting,Remediation guidance,Automation,Standards enforcement,Communication,Attention to detail"
Cybersecurity,Software Security Architect,"Java,Python,C#,Go,JavaScript,Ruby,Bash,TypeScript,Scala,Kotlin","Security architecture design,Threat modeling,Risk management,Identity & Access Management,Encryption strategies,Secure design patterns,Governance,Compliance mapping,Cross-team leadership,Technical strategy"
Cybersecurity,DevSecOps Application Specialist,"Python,Bash,JavaScript,Java,Go,C#,Ruby,TypeScript,Perl,PHP","Shift-left security,CI/CD pipeline security,Automation,Container security,Secrets management,Static & dynamic analysis,Collaboration,Cloud integration,Policy-as-Code,Training & evangelism"
Cybersecurity,Static/Dynamic Code Analysis Engineer,"Java,Python,C#,Go,JavaScript,Ruby,Scala,PHP,Bash,TypeScript","SAST,DAST,Automation,Scripting for custom checks,Metrics & reporting,False positive tuning,CI/CD integration,Root cause analysis,Threat modeling,Collaboration"
Cybersecurity,Web Application Security Tester,"JavaScript,Python,PHP,Java,C#,Ruby,Go,TypeScript,Bash,Perl","Penetration testing,Injection testing,XSS/CSRF assessment,Authentication testing,Session management testing,Reconnaissance,Reporting & remediation,Threat modeling,Automation,Communication"
Cybersecurity,Application Vulnerability Analyst,"Java,Python,C,C++,JavaScript,Bash,Go,Ruby,PHP,PowerShell","Vulnerability assessment,Exploit analysis,Risk prioritization,Patch management,Reporting,False positive management,Automation,Threat intelligence,Collaboration,Attention to detail"
Cybersecurity,Secure SDLC Consultant,"Java,Python,C#,JavaScript,Go,Ruby,Bash,TypeScript,PHP,Scala","Secure SDLC design,Threat modeling,Security training,Process integration,Governance,Compliance mapping,Risk management,Stakeholder engagement,Documentation,Change management"
Cybersecurity,API Security Engineer,"Python,Java,JavaScript,Go,Ruby,C#,PHP,Bash,TypeScript,Scala","API threat modeling,Authentication & authorization,Rate limiting,Input validation,Token management,Encryption,Logging & monitoring,CI/CD integration,Automation,Collaboration"
Cybersecurity,Mobile App Security Analyst,"Java,Kotlin,Swift,Objective-C,JavaScript,C#,Dart,Bash","Static & dynamic analysis,Reverse engineering,Runtime instrumentation,Secure storage,Authentication testing,Network security,Threat modeling,CI/CD integration,Reporting,Collaboration"
Cybersecurity,Cloud Security Architect,"Python,Go,Bash,Java,JavaScript,Ruby,Terraform,HCL,YAML,PowerShell","Security architecture design,Threat modeling,Identity & Access Management,Encryption strategies,Network segmentation,Compliance mapping,Risk management,Cloud governance,Technical leadership,Documentation"
Cybersecurity,Cloud Security Engineer,"Python,Go,Bash,Java,JavaScript,Terraform,HCL,YAML,PowerShell,Ruby","Cloud hardening,Incident response,Infrastructure as Code,Automation,Log monitoring,Threat detection,Secrets management,Network security,Patch management,Collaboration"
Cybersecurity,Cloud Compliance Analyst,"Python,Bash,PowerShell,SQL,Go,Java,JavaScript,Ruby,Perl,Terraform","Compliance auditing,Regulatory frameworks (PCI DSS,ISO 27001,GDPR),Risk assessment,Policy development,Reporting,Automation,Gap analysis,Documentation,Stakeholder communication,Process improvement"
Cybersecurity,Cloud Identity and Access Specialist,"Python,Go,Bash,PowerShell,Java,JavaScript,Ruby,SQL,Terraform,HCL","Access provisioning,Role-based access control,Single Sign-On,Multi-Factor Authentication,Policy-as-Code,Identity federation,Privileged Access Management,Audit logging,Automation,Collaboration"
Cybersecurity,Cloud Encryption Engineer,"Python,Go,Bash,Java,JavaScript,C#,Ruby,Terraform,PowerShell,HCL","Key management,Data-at-rest encryption,Data-in-transit encryption,PKI,Certificate management,Hardware Security Modules,Envelope encryption,Compliance,Automation,Documentation"
Cybersecurity,Secure Cloud Configuration Specialist,"Python,Go,Bash,Terraform,Ansible,Puppet,Chef,PowerShell,HCL,YAML","Configuration auditing,Infrastructure as Code scanning,Drift detection,Remediation automation,Compliance as Code,Policy-as-Code,Benchmarking (CIS),Reporting,Collaboration,Incident response"
Cybersecurity,Cloud Security Automation Engineer,"Python,Go,Bash,JavaScript,PowerShell,Ruby,Terraform,Ansible,Puppet,Chef","Infrastructure as Code automation,Event-driven security,Serverless security,CI/CD integration,Secrets management,Compliance as Code,Monitoring & alerting,Automation scripting,Collaboration,Incident response"
Cybersecurity,Multi-Cloud Security Consultant,"Python,Go,Bash,Java,JavaScript,PowerShell,Ruby,Terraform,Ansible,HCL","Multi-cloud architecture,Threat modeling,Compliance mapping,Risk assessment,Governance,Identity federation,Network security,Encryption strategies,Vendor evaluation,Stakeholder communication"
Cybersecurity,Cloud Incident Responder,"Python,Bash,PowerShell,Go,JavaScript,Ruby,Ansible,Terraform,Perl,SQL","Incident triage,Forensic analysis,Root cause analysis,Playbook development,Threat intelligence,Log forensics,Containment & remediation,Communication,Automation,Collaboration"
Cybersecurity,Cloud Threat Detection Analyst,"Python,Bash,PowerShell,Go,JavaScript,SQL,Terraform,Ansible,Ruby,Perl","Anomaly detection,Log analysis,Alert tuning,Threat intelligence correlation,Signature development,Behavioral analytics,Automation,Reporting,Incident escalation,Collaboration"
Cybersecurity,Incident Response Analyst,"Python,Bash,PowerShell,Go,JavaScript,Ruby,SQL,Perl,Java,C#","Incident triage,Log analysis,Playbook execution,Root cause analysis,Containment & eradication,Forensics data collection,Reporting,Communication,Automation,Collaboration"
Cybersecurity,Digital Forensics Investigator,"Python,PowerShell,Bash,Perl,Ruby,SQL,C#,Go,Java,JavaScript","Disk imaging,Memory forensics,File system analysis,Artifact reconstruction,Chain of custody,Timeline analysis,Reporting,Evidence preservation,Attention to detail,Legal compliance"
Cybersecurity,Malware Analyst,"Python,C,C++,Assembly,Go,Java,JavaScript,Ruby,Perl,Bash","Static analysis,Dynamic analysis,Reverse engineering,Behavioral analysis,YARA rule creation,Debugging,Obfuscation techniques,Automation,Reporting,Collaboration"
Cybersecurity,Threat Intelligence Analyst,"Python,Bash,PowerShell,SQL,Go,Ruby,JavaScript,Perl,Java,Rust","OSINT collection,Indicator analysis,TTP mapping,STIX/TAXII integration,Threat modeling,Reporting,Briefings,Data visualization,Collaboration,Automation"
Cybersecurity,Cybersecurity Incident Handler,"Python,Bash,PowerShell,Go,JavaScript,Ruby,SQL,Perl,Java,C#","Incident coordination,Playbook development,Stakeholder communication,Escalation management,Containment planning,Root cause analysis,Reporting,Training,Automation,Collaboration"
Cybersecurity,Forensic Data Analyst,"Python,R,SQL,Bash,PowerShell,Java,JavaScript,Perl,Ruby,Go","Data parsing,Timeline reconstruction,Log correlation,Statistical analysis,Visualization,Memory forensics,Disk forensics,Reporting,Attention to detail,Collaboration"
Cybersecurity,SOC Incident Responder,"Python,Bash,PowerShell,SQL,JavaScript,Ruby,Go,Perl,Java,PHP","Alert triage,Incident investigation,Playbook execution,Ticketing systems,Threat hunting,Log analysis,Escalation coordination,Reporting,Collaboration,Automation"
Cybersecurity,Cybercrime Investigator,"Python,Bash,PowerShell,Ruby,Perl,SQL,Java,JavaScript,Go,C#","Digital evidence collection,Blockchain analysis,Open source intelligence,Chain of custody,Legal compliance,Interviewing witnesses,Reporting,Network forensics,Collaboration,Attention to detail"
Cybersecurity,Post-Breach Analyst,"Python,Bash,PowerShell,SQL,JavaScript,Ruby,Go,Perl,Java,Scala","Breach impact analysis,Root cause determination,Data exfiltration detection,Forensic imaging,Timeline reconstruction,Remediation recommendations,Reporting,Compliance assessment,Collaboration,Communication"
Cybersecurity,Triage & Escalation Specialist,"Python,Bash,PowerShell,SQL,JavaScript,Ruby,Go,Perl,PHP,Java","Alert triage,Priority assessment,Escalation procedures,Communication,Ticket management,Playbook adherence,Stakeholder coordination,Reporting,Automation,Collaboration"
Cybersecurity,Penetration Tester (Pentester),"Python, Bash, PowerShell, Ruby, JavaScript, Go, C, C++, SQL","Vulnerability assessment, exploitation techniques, network scanning, social engineering, report writing, risk analysis, incident response, password cracking, scripting, communication"
Cybersecurity,Red Team Operator,"Python, Bash, PowerShell, Go, Ruby, C, C++, JavaScript","Adversary tactics, covert operations, lateral movement, persistence techniques, social engineering, OPSEC, report writing, stealth communication, collaboration, threat modeling"
Cybersecurity,Ethical Hacker,"Python, JavaScript, Bash, Ruby, SQL, C, C++","Vulnerability assessment, penetration testing methodology, web application security, network security, scripting, report writing, risk analysis, ethical guidelines, communication, critical thinking"
Cybersecurity,Adversary Emulation Specialist,"Python, PowerShell, Bash, Go, C#, C++","MITRE ATT&CK framework, threat modeling, TTP mapping, lateral movement, command and control, persistence, adversary profiling, red teaming, report writing, collaboration"
Cybersecurity,Offensive Security Engineer,"Python, C, C++, Bash, Go, Ruby, JavaScript","Exploit development, binary analysis, reverse engineering, network exploitation, vulnerability research, secure coding review, scripting, automation, documentation, teamwork"
Cybersecurity,Application Pentester,"Python, JavaScript, Java, C#, SQL, PHP","Web application security, input validation testing, authentication bypass, session management, API testing, source code review, scripting, report writing, risk assessment, communication"
Cybersecurity,Network Pentester,"Python, Bash, Ruby, PowerShell, C","Network scanning, Vulnerability assessment, Packet analysis, Exploit writing, Port scanning, Firewall evasion, Scripting, Lateral movement, Report writing, Communication"
Cybersecurity,Social Engineering Tester,"Python, PowerShell, Bash, JavaScript, Ruby","Pretexting, Phishing, Vishing, Reconnaissance, Persuasion, Psychology, Elicitation, Scripting, Report writing, Ethics"
Cybersecurity,Exploit Developer,"C, C++, Python, Assembly, Ruby","Reverse engineering, Shellcode development, Buffer overflow exploitation, Code injection, Fuzzing, Vulnerability research, Debugging, Decompilation, Network protocols, Creativity"
Cybersecurity,Threat Simulation Analyst,"Python, PowerShell, Bash, Go, JavaScript","Adversary emulation, Threat modeling, TTP analysis, Detection evasion, Incident response, Scripting, Data analysis, Operational planning, Reporting, Collaboration"
Cybersecurity,IAM Engineer,"Python, Java, Go, PowerShell, JavaScript","Role-Based Access Control, SAML, OAuth, LDAP, Identity Federation, Multi-factor Authentication, Security Auditing"
Cybersecurity,Identity Governance Analyst,"Python, PowerShell, SQL, Bash, JavaScript","Access Certification, Role Mining, Segregation of Duties, Compliance Management, Audit & Reporting, Policy Enforcement, Identity Lifecycle Management, Risk Analysis, Process Documentation, Stakeholder Communication"
Cybersecurity,Access Control Administrator,"Python, PowerShell, Bash, SQL, JavaScript","User Provisioning, RBAC, Group Policy Management, Permission Auditing, Password Management, Ticketing Systems, Troubleshooting, Documentation, Communication, Security Best Practices"
Cybersecurity,SSO (Single Sign-On) Specialist,"Java, Python, C#, JavaScript, PowerShell","SAML, OAuth 2.0, OpenID Connect, Certificate Management, Metadata Exchange, XML, JSON, Protocol Troubleshooting, SSL/TLS"
Cybersecurity,Identity Federation Specialist,"Java, Python, C#, JavaScript, PowerShell","SAML, OAuth 2.0, OpenID Connect, WS-Federation, Trust Relationship Management, Certificate Management, Federation Architecture, XML, JSON, Policy Configuration"
Cybersecurity,Privileged Access Management (PAM) Engineer,"Python, PowerShell, Bash, JavaScript, Go","Credential Vaulting, Session Recording, Access Workflow Automation, Privileged Account Management, RBAC, Separation of Duties, Auditing, Encryption, Vulnerability Assessment, Compliance Management"
Cybersecurity,IAM Architect,"Python, Java, JavaScript, C#, PowerShell, Go","Architecture Design, IAM Strategy, Cloud Identity, SSO, Federation, Authentication Protocols, Scalability Planning, Security Requirements Analysis, Governance, Integration Planning"
Cybersecurity,Directory Services Engineer,"PowerShell, Bash, Python, VBScript, JavaScript","Directory Schema Design, LDAP, DNS, Group Policy, Trust Management, Replication Management, Backup & Recovery, Access Control, Scripting Automation, Troubleshooting"
Cybersecurity,IAM Compliance Specialist,"SQL, Python, PowerShell, Bash, JavaScript","SOX/GDPR/HIPAA Compliance, Audit Preparation, Access Reviews, Policy Development, Risk Assessment, Reporting, Process Improvement, Documentation, Stakeholder Engagement"
Cybersecurity,Role-Based Access Control (RBAC) Analyst,"SQL, Python, PowerShell, JavaScript, Bash","Role Mining, Permission Analysis, Policy Modeling, RBAC Design, Access Reviews, Segregation of Duties, Data Analysis, Documentation, Collaboration"
Cybersecurity,"SOC Analyst (Level 1, 2, 3)","Python, PowerShell, Bash, SQL, JavaScript","Incident Triage, Alert Investigation, Log Analysis, Threat Hunting, Report Writing, Ticketing System Usage, SOP Adherence, Time Management, Communication"
Cybersecurity,Threat Detection Analyst,"Python, SQL, PowerShell, Bash, JavaScript","Threat Hunting, Behavioral Analytics, IOC Analysis, Anomaly Detection, Pattern Recognition, Rule Development, Malware Analysis Basics, Log Correlation, Report Writing"
Cybersecurity,Security Monitoring Engineer,"Python, JavaScript, PowerShell, Bash, Go","Alert Tuning, Dashboard Development, Data Ingestion, Log Parsing, Automation Scripting, API Integration, Performance Optimization, Security Architecture, Data Normalization"
Cybersecurity,SOC Team Lead,"Python, PowerShell, Bash, SQL, Go","Leadership, Incident Management, Playbook Development, Escalation Coordination, Performance Metrics, Team Coaching, Strategic Planning, Stakeholder Communication, Crisis Management"
Cybersecurity,SIEM Engineer (Security Information and Event Management),"Python, SQL, PowerShell, JavaScript, Java","Use Case Development, Correlation Rule Tuning, Log Source Integration, Dashboard Creation, Performance Tuning, Scripting, API Integration, Troubleshooting, Architecture Design"
Cybersecurity,Log Analysis Specialist,"Python, Bash, SQL, PowerShell, Perl","Regex, Log Parsing, Data Normalization, Pattern Matching, Time-Series Analysis, Query Optimization, Data Visualization, Report Generation, Attention to Detail"
Cybersecurity,Security Alert Triage Analyst,"Python, PowerShell, Bash, SQL, JavaScript","Alert Classification, Incident Prioritization, SOP Adherence, Escalation Procedures, Communication, Documentation, SLA Management, Basic Forensics, Time Management"
Cybersecurity,SOC Automation Engineer,"Python, PowerShell, Bash, Go, JavaScript","Playbook Development, API Integration, Scripting Automation, CI/CD, Workflow Orchestration, Error Handling, Testing & Validation, Version Control, Collaboration"
Cybersecurity,Incident Detection & Response Analyst,"Python, PowerShell, Bash, Ruby, SQL","Threat Hunting, Forensic Analysis, Malware Reverse-Engineering Basics, IOC Investigation, Containment Strategies, Root Cause Analysis, Playbook Execution, Report Writing"
Cybersecurity,Cybersecurity Shift Lead,"Python, PowerShell, Bash, SQL, JavaScript","Shift Handover Management, Team Coordination, Incident Oversight, Escalation Management, Performance Reporting, Mentoring, Crisis Communication, Stakeholder Liaison, Compliance Adherence"
